Speaker|Party|Speech ID|Gendered Terms
Präsident Dr. Wolfgang Schäuble||1|[Kolleginnen] Tag liebe Kolleginnen und Kollegen; [Kollegen] Kolleginnen und Kollegen Bitte nehmen; [Bauer] Abgeordneten Nicole Bauer Katja Suding; [Landwirtschaft] Ernährung und Landwirtschaft f Ausschuss; [Landwirtschaft] Ernährung und Landwirtschaft Ausschuss für; [Köhler] Dr Lukas Köhler Alexander Graf; [Kuratoriums] Mitglieds des Kuratoriums der „Stiftung; [Kuratoriums] Mitgliedern des Kuratoriums der „Bundesstiftung; [Kuratoriums] Mitglieder des Kuratoriums der Stiftung; [Kuratoriums] Mitglieder des Kuratoriums der Stiftung; [Kuratoriums] Mitgliedes des Kuratoriums des Deutschen; [Bauer] Abgeordneten Nicole Bauer Katja Suding; [Schäffler] Abgeordneten Frank Schäffler Christian Dürr; [Verbraucher] Verbraucherinnen und Verbraucher als Darlehensnehmer; [Steuererleichterung] der FDP Steuererleichterung für Eltern; [Schausteller] Krisenüberbrückung für Schausteller ihre Zulieferer; [Zulieferer] Schausteller ihre Zulieferer und Hersteller; [Hersteller] Zulieferer und Hersteller und Ermöglichung
Präsident Dr. Wolfgang Schäuble||2|[Bundesminister] heute der Bundesminister für Gesundheit; [Bundesminister] steht Herr Bundesminister wenn Sie
Jens Spahn||3|[Präsident] Ja Herr Präsident ich will; [Kolleginnen] – Liebe Kolleginnen und Kollegen; [Kollegen] Kolleginnen und Kollegen wir wähnten; [Testergebnis] Dritte dokumentiertes Testergebnis gibt das
Präsident Dr. Wolfgang Schäuble||4|[Kollege] stellt der Kollege Detlev Spangenberg
Detlev Spangenberg|AfD|5|[Bundesminister] – Herr Bundesminister ich gehe
Präsident Dr. Wolfgang Schäuble||6|[Minister] Herr Minister
Jens Spahn||7|[Kollege] geehrter Herr Kollege Spangenberg die
Präsident Dr. Wolfgang Schäuble||8|[Kollegen] stellt die Kollegen Bärbel Bas
Bärbel Bas|SPD|9|[Bundesminister] – Herr Bundesminister ich teile
Präsident Dr. Wolfgang Schäuble||10|[Minister] Herr Minister
Jens Spahn||11|[Kollegin] Frau Kollegin Bas die
Präsident Dr. Wolfgang Schäuble||12|
Bärbel Bas|SPD|13|[Risikopatienten] Möglichkeit alle Risikopatienten zu impfen; [Arztpraxen] in die Arztpraxen damit gezielt; [Hausärzte] durch ihre Hausärzte geimpft werden
Jens Spahn||14|[Kollegen] und vielen Kollegen aus den; [Arztpraxen] schon begonnen Arztpraxen miteinzubinden Das; [Kollegin] die geschätzte Kollegin Leonhard in; [Krebspatienten] zum Beispiel Krebspatienten in onkologischen; [Präsident] Satz Herr Präsident – in
Präsident Dr. Wolfgang Schäuble||15|
Maria Klein-Schmeink|BÜNDNIS 90/DIE GRÜNEN|16|[Minister] Herr Minister es geht
Jens Spahn||17|[Kollegin] Frau Kollegin KleinSchmeink wir; [Grundschulbeschäftigte] Kita und Grundschulbeschäftigte geimpft werden; [Kollegen] mit den Kollegen Lucha Nonnemacher
Präsident Dr. Wolfgang Schäuble||18|
Christine Aschenberg-Dugnus|FDP|19|[Präsident] Dank Herr Präsident – Sehr; [Minister] geehrter Herr Minister Spahn wir; [Kanzlerin] wurde die Kanzlerin zitiert dass; [Kanzleramtschef] das vom Kanzleramtschef wieder verneint
Jens Spahn||20|[Kollegin] Liebe Frau Kollegin wie Sie; [Kolleginnen] mit den Kolleginnen und Kollegen; [Kollegen] Kolleginnen und Kollegen aus den; [Ministerpräsidentinnen] allem den Ministerpräsidentinnen und Ministerpräsidenten; [Ministerpräsidenten] Ministerpräsidentinnen und Ministerpräsidenten weil es
Präsident Dr. Wolfgang Schäuble||21|
Christine Aschenberg-Dugnus|FDP|22|[Minister] – Herr Minister Sie haben; [Friseursalons] März die Friseursalons wieder Das; [Friseursalons] dass die Friseursalons öffnen aber
Jens Spahn||23|[Kollegin] Frau Kollegin ich weiß; [Friseure] März die Friseure wieder öffnen; [Bundesminister] dafür als Bundesminister für Gesundheit
Präsident Dr. Wolfgang Schäuble||24|[Kollege] stellt der Kollege Dr Kraft; [Kollege] dann der Kollege Dr Hoffmann; [Kollege] dann der Kollege Herrmann
Rainer Kraft|AfD|25|[Friseursalon] dass mein Friseursalon öffnen kann; [Friseurtermin] ich einen Friseurtermin brauche sondern; [Dorffriseur] dass mein Dorffriseur überlebt deswegen; [Kollegen] auf die Kollegen der FDP; [Bundesgesundheitsminister] Sie als Bundesgesundheitsminister fragen Halten
Jens Spahn||26|[Kollege] Also Herr Kollege da Sie
Präsident Dr. Wolfgang Schäuble||27|[Kollege] stellt der Kollege Dr Christoph
Christoph Hoffmann|FDP|28|[Präsident] Herr Präsident Herr Minister; [Minister] Präsident Herr Minister Ich komme; [Mitarbeiter] Bewohner 17 Mitarbeiter – 3; [Sozialminister] Der grüne Sozialminister Lucha in
Jens Spahn||29|[Kollege] Herr Kollege wissen Sie
Präsident Dr. Wolfgang Schäuble||30|[Kollege] kommt der Kollege Henke
Lars Herrmann|Fraktionslos|31|[Präsident] Dank Herr Präsident für das; [Minister] – Herr Minister ich wollte; [Friseuren] zu den Friseuren zurückkommen weil; [Friseure] für die Friseure ob sie; [Mitarbeiter] für fünf Mitarbeiter in der; [Friseure] Sinn die Friseure zu impfen; [Friseurtermin] die einen Friseurtermin wahrnehmen möchten; [Friseurhandwerk] Sie dem Friseurhandwerk irgendeine nähere
Jens Spahn||32|[Kollege] Herr Kollege da haben; [Friseure] Öffnung der Friseure am 1; [Testerfordernisse] gibt es Testerfordernisse Für die; [Friseurbesuche] Dazu gehören Friseurbesuche oder möglicherweise; [Ministerpräsidenten] erst den Ministerpräsidenten fragen dann
Präsident Dr. Wolfgang Schäuble||33|
Rudolf Henke|CDU/CSU|34|[Bundesminister] – Herr Bundesminister Spahn die
Jens Spahn||35|[Kollege] Ja Kollege Henke das; [Ministerebene] Abstimmung auf Ministerebene mit dem; [Finanzminister] und dem Finanzminister genau zu
Präsident Dr. Wolfgang Schäuble||36|[Kollege] stellt der Kollege Dr Achim
Achim Kessler|DIE LINKE|37|[Minister] Herr Minister Bundeskanzlerin Angela; [Bundeskanzlerin] Herr Minister Bundeskanzlerin Angela Merkel
Jens Spahn||38|[Kollege] Dank Herr Kollege Kessler –; [Hersteller] Unternehmen und Hersteller etwa das
Präsident Dr. Wolfgang Schäuble||39|[Kollege] – Der Kollege Kessler
Achim Kessler|DIE LINKE|40|
Jens Spahn||41|[Kollege] einmal Herr Kollege Kessler Die; [Hersteller] – der Hersteller ist Milliarden
Präsident Dr. Wolfgang Schäuble||42|[Kollegin] von der Kollegin von Storch; [Kollegin] von der Kollegin Lötzsch –
Beatrix von Storch|AfD|43|[Präsident] Dank Herr Präsident – Herr; [Minister] – Herr Minister ich möchte
Jens Spahn||44|[Kollegen] dass Ihre Kollegen Gesundheitspolitiker Sie; [Gesundheitspolitiker] Ihre Kollegen Gesundheitspolitiker Sie vielleicht
Präsident Dr. Wolfgang Schäuble||45|
Gesine Lötzsch|DIE LINKE|46|[Kollegen] Frage meines Kollegen Dr Kessler
Jens Spahn||47|[Kollegin] Frau Kollegin Lötzsch ich; [Impfstoffhersteller] Johnson alle Impfstoffhersteller und ‑entwickler
Präsident Dr. Wolfgang Schäuble||48|
Janosch Dahmen|BÜNDNIS 90/DIE GRÜNEN|49|[Minister] – Herr Minister im zwölften
Jens Spahn||50|[Kollege] Herr Kollege Dahmen wir; [Hersteller] wenn der Hersteller einfach nur
Präsident Dr. Wolfgang Schäuble||51|[Kollege] Nachfrage Herr Kollege
Janosch Dahmen|BÜNDNIS 90/DIE GRÜNEN|52|
Jens Spahn||53|[Kolleginnen] haben mir Kolleginnen und Kollegen; [Kollegen] Kolleginnen und Kollegen aus dem
Präsident Dr. Wolfgang Schäuble||54|
Heike Hänsel|DIE LINKE|55|[Präsident] schön Herr Präsident – Herr; [Minister] – Herr Minister Sie haben; [Ministeriums] Auskunft Ihres Ministeriums lediglich Zwischenauswertungen
Jens Spahn||56|[Kollegin] Frau Kollegin ich verstehe
Präsident Dr. Wolfgang Schäuble||57|
Hilde Mattheis|SPD|58|[Minister] – Herr Minister ich habe
Präsident Dr. Wolfgang Schäuble||59|[Kollegin] Frau Kollegin
Hilde Mattheis|SPD|60|[Präsident] Danke Herr Präsident
Präsident Dr. Wolfgang Schäuble||61|[Sekunden] von 30 Sekunden – Herr; [Minister] – Herr Minister
Jens Spahn||62|[Präsident] Herr Präsident Frau Kollegin; [Kollegin] Präsident Frau Kollegin – Übrigens; [Herstellers] Gebrauchsanweisung des Herstellers gegeben wird; [Haushältern] Gespräch mit Haushältern die mir
Präsident Dr. Wolfgang Schäuble||63|[Kollegin] kommt die Kollegin KleinSchmeink noch; [Kollege] dann der Kollege Podolay Anschließend; [Kollege] jetzt der Kollege Hocker
Gero Clemens Hocker|FDP|64|[Präsident] Dank Herr Präsident – Verehrter; [Minister] Verehrter Herr Minister Sie haben; [Krankenhäuser] Auslastung der Krankenhäuser oder die
Jens Spahn||65|
Präsident Dr. Wolfgang Schäuble||66|
Maria Klein-Schmeink|BÜNDNIS 90/DIE GRÜNEN|67|[Minister] Herr Minister ich möchte
Jens Spahn||68|[Testergebnis] und das Testergebnis wichtig ist
Präsident Dr. Wolfgang Schäuble||69|[Kollege] stellt der Kollege Paul Viktor
Paul Viktor Podolay|AfD|70|[Präsident] Dank Herr Präsident – Herr; [Bundesgesundheitsminister] – Herr Bundesgesundheitsminister mit den
Jens Spahn||71|[Kollege] einmal Herr Kollege Podolay beruhen; [Kollegen] gerade dem Kollegen schon beantwortet
Präsident Dr. Wolfgang Schäuble||72|
Uwe Witt|AfD|73|[Präsident] Dank Herr Präsident – Herr; [Minister] – Herr Minister Sie hatten; [Gastronomie] Einzelhandel der Gastronomie und der; [Vorredner] öffnen Meine Vorredner von der; [Kollege] auch der Kollege von der; [Gastronomie] von Einzelhandel Gastronomie und Hotellerie
Jens Spahn||74|[Präsident] Herr Präsident das ist
Präsident Dr. Wolfgang Schäuble||75|[Kollege] Nachfrage Herr Kollege
Uwe Witt|AfD|76|
Jens Spahn||77|
Präsident Dr. Wolfgang Schäuble||78|
Fabio De Masi|DIE LINKE|79|[Minister] – Herr Minister ist es
Jens Spahn||80|[Kollege] Herr Kollege De Masi
Präsident Dr. Wolfgang Schäuble||81|
Wieland Schinnenburg|FDP|82|[Präsident] Dank Herr Präsident – Herr; [Minister] – Herr Minister Sie haben; [Ministerpräsidentenkonferenz] Beschluss der Ministerpräsidentenkonferenz vom 10; [Kollege] ja der Kollege vorhin schon
Jens Spahn||83|
Präsident Dr. Wolfgang Schäuble||84|
Stephan Brandner|AfD|85|[Kollegen] Frage des Kollegen Witt auf; [Außenminister] Maas dem Außenminister im Ohr; [Reiseveranstalter] Alltours einem Reiseveranstalter von Eventim; [Eintrittskartenverkäufer] Eventim einem Eintrittskartenverkäufer – dass
Jens Spahn||86|[Kollege] sehen Herr Kollege Brandner dass
Präsident Dr. Wolfgang Schäuble||87|[Kollegin] – Die Kollegin KappertGonther stellt
Kirsten Kappert-Gonther|BÜNDNIS 90/DIE GRÜNEN|88|[Präsident] Dank Herr Präsident – Herr; [Minister] – Herr Minister Sie haben
Jens Spahn||89|[Kollegin] aufzugreifen Frau Kollegin Ich kann; [Ministerium] aus dem Ministerium heraus Die
Vizepräsident Wolfgang Kubicki||90|[Kollege] ist der Kollege Matthias Miersch
Matthias Miersch|SPD|91|[Minister] Herr Minister Spahn ich; [Fraktionsvorsitzender] zuständiger stellvertretender Fraktionsvorsitzender noch einmal; [Gastronomie“] „Tourismus und Gastronomie“ ansprechen Da; [Ministerpräsident] Aussagen wie Ministerpräsident Kretschmer sie
Jens Spahn||92|[Kollege] einmal Herr Kollege Miersch stimme
Vizepräsident Wolfgang Kubicki||93|[Kollege] Herr Kollege Miersch eine
Matthias Miersch|SPD|94|
Jens Spahn||95|[Ministerium] Sie meinem Ministerium zuschreiben Aber; [Ministerium] von einem Ministerium entwickelt werden; [Ministerien] Kooperation der Ministerien untereinander und
Vizepräsident Wolfgang Kubicki||96|[Kollege] hat der Kollege Stefan Keuter
Stefan Keuter|AfD|97|[Präsident] Dank Herr Präsident – Herr; [Bundesminister] – Herr Bundesminister ich möchte; [Kanzlerin] dass die Kanzlerin Ihre Entscheidung
Jens Spahn||98|
Vizepräsident Wolfgang Kubicki||99|[Minister] Dank Herr Minister – Die; [Kollege] hat der Kollege Grigorios Aggelidis
Grigorios Aggelidis|FDP|100|[Präsident] Dank Herr Präsident – Sehr; [Minister] geehrter Herr Minister Sie haben
Jens Spahn||101|[Kollege] Herr Kollege zuerst einmal; [Hersteller] fast alle Hersteller solche Studien
Vizepräsident Wolfgang Kubicki||102|[Minister] Dank Herr Minister – Damit; [Bundesminister] Ihnen Herr Bundesminister Spahn für
Präsident Dr. Wolfgang Schäuble||103|[Staatssekretär] der Parlamentarische Staatssekretär Thomas Silberhorn
Thomas Silberhorn||104|[Präsident] Dank Herr Präsident – Herr; [Soldatinnen] 11 100 Soldatinnen und Soldaten; [Soldaten] Soldatinnen und Soldaten ständig für; [Soldatinnen] 250 einsatzbereite Soldatinnen und Soldaten; [Soldaten] Soldatinnen und Soldaten sind für; [Soldatinnen] 25 000 Soldatinnen und Soldaten; [Soldaten] Soldatinnen und Soldaten Die Bundeswehr
Vizepräsident Wolfgang Kubicki||105|[Staatssekretär] Dank Herr Staatssekretär – Herr
Stephan Brandner|AfD|106|[Soldaten] sehr vielen Soldaten Es gibt; [Fahrzeuge] Panzer und Fahrzeuge die nicht; [Flugzeuge] nicht fahren Flugzeuge und Hubschrauber; [Fahrzeuge] wie viele Fahrzeuge vermisst die; [Fahrzeugen] bei den Fahrzeugen die Art; [Fahrzeuge] Art der Fahrzeuge sehr interessieren
Vizepräsident Wolfgang Kubicki||107|[Staatssekretär] Herr Staatssekretär Sie haben
Thomas Silberhorn||108|[Boxer] geschützten Transportfahrzeug Boxer beim Hubschrauber; [Inspekteur] Bericht beim Inspekteur des Heeres
Vizepräsident Wolfgang Kubicki||109|[Kollege] Herr Kollege Brandner ganz; [Kolleginnen] ich die Kolleginnen und Kollegen; [Kollegen] Kolleginnen und Kollegen und auch
Stephan Brandner|AfD|110|[Soldaten] bei den Soldaten möglicherweise zu; [Fahrzeugen] nach vermissten Fahrzeugen haben Sie
Thomas Silberhorn||111|
Vizepräsident Wolfgang Kubicki||112|[Kollegen] Nachfrage des Kollegen Rainer Kraft
Rainer Kraft|AfD|113|[Staatssekretär] – Herr Staatssekretär eine Bemerkung; [Kollegen] an den Kollegen Brandner hat
Thomas Silberhorn||114|
Vizepräsident Wolfgang Kubicki||115|[Kollegen] Nachfrage des Kollegen Dr Eberhard
Eberhard Brecht|SPD|116|[Präsident] Herr Präsident Herr Staatssekretär; [Staatssekretär] Präsident Herr Staatssekretär Es ist
Vizepräsident Wolfgang Kubicki||117|[Staatssekretär] Herr Staatssekretär bitte
Thomas Silberhorn||118|[Erprobungsträger] beispielsweise auch Erprobungsträger oder Geräte
Vizepräsident Wolfgang Kubicki||119|[Staatssekretär] Dank Herr Staatssekretär Liebe Kolleginnen; [Kolleginnen] Staatssekretär Liebe Kolleginnen und Kollegen; [Kollegen] Kolleginnen und Kollegen bevor ich; [Kolleginnen] versuchen die Kolleginnen und Kollegen; [Kollegen] Kolleginnen und Kollegen die sich; [Friseurinnen] der ausgefallenen Friseurinnen und Friseure; [Friseure] Friseurinnen und Friseure also sozusagen; [Staatssekretär] einzurichten Herr Staatssekretär Sie haben
Thomas Silberhorn||120|[Präsident] Dank Herr Präsident – Das; [Vertragspartner] geeigneter zentraler Vertragspartner der die; [Soldatinnen] Seelsorge für Soldatinnen und Soldaten; [Soldaten] Soldatinnen und Soldaten allerdings bereits
Vizepräsident Wolfgang Kubicki||121|
Stephan Brandner|AfD|122|
Vizepräsident Wolfgang Kubicki||123|
Stephan Brandner|AfD|124|[Ansprechpartner] keinen zentralen Ansprechpartner gäbe Also; [Ansprechpartner] einen zentralen Ansprechpartner gäbe wäre
Vizepräsident Wolfgang Kubicki||125|[Kollege] Herr Kollege kommen Sie
Stephan Brandner|AfD|126|
Vizepräsident Wolfgang Kubicki||127|[Staatssekretär] Herr Staatssekretär Sie haben
Thomas Silberhorn||128|[Kollege] Herr Kollege Brandner ich; [Seelsorger] für die Seelsorger in Diensten; [Seelsorger] dass die Seelsorger die für
Vizepräsident Wolfgang Kubicki||129|
Stephan Brandner|AfD|130|[Militärseelsorger] und evangelische Militärseelsorger Es sollen; [Militärseelsorger] sollen auch Militärseelsorger für Juden; [Militärseelsorger] die jüdischen Militärseelsorger an und
Thomas Silberhorn||131|[Soldatinnen] etwa 300 Soldatinnen und Soldaten; [Soldaten] Soldatinnen und Soldaten jüdischen Glaubens; [Soldatinnen] 3 000 Soldatinnen und Soldaten; [Soldaten] Soldatinnen und Soldaten muslimischen Glaubens; [Seelsorger] dass die Seelsorger auch für
Vizepräsident Wolfgang Kubicki||132|[Staatssekretär] Dank Herr Staatssekretär – Eine; [Kollege] hat der Kollege Rainer Kraft
Rainer Kraft|AfD|133|[Seelsorger] die bisherigen Seelsorger christlichen und; [Seelsorger] was diese Seelsorger im Rahmen
Thomas Silberhorn||134|[Seelsorger] stehen alle Seelsorger die in
Vizepräsident Wolfgang Kubicki||135|[Soldatinnen] von muslimischen Soldatinnen und Soldaten; [Soldaten] Soldatinnen und Soldaten bei der; [Staatssekretär] vergleiche Herr Staatssekretär Sie haben
Thomas Silberhorn||136|[Präsident] Dank Herr Präsident – Die; [Soldatinnen] Bestattung verstorbener Soldatinnen und Soldaten; [Soldaten] Soldatinnen und Soldaten der Bundeswehr; [Soldatinnen] der verstorbenen Soldatinnen und Soldaten; [Soldaten] Soldatinnen und Soldaten beachtet sofern; [Soldatin] weil eine Soldatin oder ein; [Soldat] oder ein Soldat bereits Vorkehrungen
Vizepräsident Wolfgang Kubicki||137|[Kollegin] – Frau Kollegin Polat Sie
Filiz Polat|BÜNDNIS 90/DIE GRÜNEN|138|[Präsident] Dank Herr Präsident – Anlass; [Bundeswehrsoldatin] Fall der Bundeswehrsoldatin Nariman Hammouti; [Soldatin] von der Soldatin selbst dass; [Soldatinnen] 000 muslimische Soldatinnen und Soldaten; [Soldaten] Soldatinnen und Soldaten haben eine; [Soldatinnen] von gläubigen Soldatinnen und Soldaten; [Soldaten] Soldatinnen und Soldaten erfolgt Heißt
Vizepräsident Wolfgang Kubicki||139|[Kollegin] Frau Kollegin kommen Sie
Filiz Polat|BÜNDNIS 90/DIE GRÜNEN|140|[Glaubensangehörigen] für alle Glaubensangehörigen in der
Vizepräsident Wolfgang Kubicki||141|[Staatssekretär] Herr Staatssekretär Sie haben
Thomas Silberhorn||142|[Kollegin] Frau Kollegin wie ich; [Soldatinnen] sinnvoll wenn Soldatinnen und Soldaten; [Soldaten] Soldatinnen und Soldaten beispielsweise in
Vizepräsident Wolfgang Kubicki||143|[Kollegin] Nachfrage Frau Kollegin Polat Bitte
Filiz Polat|BÜNDNIS 90/DIE GRÜNEN|144|[Präsident] Danke Herr Präsident – Ähnlich
Vizepräsident Wolfgang Kubicki||145|[Staatssekretär] Herr Staatssekretär bitte
Thomas Silberhorn||146|[Ansprechpartner] keinen zentralen Ansprechpartner in Deutschland; [Soldaten] Wenn die Soldaten und Soldatinnen; [Soldatinnen] Soldaten und Soldatinnen die Bedarf; [Soldatinnen] damit mehr Soldatinnen und Soldaten; [Soldaten] Soldatinnen und Soldaten davon auch
Vizepräsident Wolfgang Kubicki||147|[Staatssekretär] Dank Herr Staatssekretär – Keine; [Kollegen] 4 des Kollegen Alexander Müller; [Müller] Kollegen Alexander Müller Wie viele; [Staatssekretär] aufschlüsseln Herr Staatssekretär Sie haben
Thomas Silberhorn||148|[Offiziere] Perspektiveinschätzungskonferenzen für Offiziere in der; [Offiziere] und für Offiziere in der
Vizepräsident Wolfgang Kubicki||149|[Kollege] – Herr Kollege Müller Sie; [Müller] Herr Kollege Müller Sie haben
Alexander Müller|FDP|150|[Staatssekretär] – Herr Staatssekretär was unternimmt; [Lehrgangsteilnehmer] Zahl der Lehrgangsteilnehmer wieder zu; [Lehrgangsteilnehmer] Zahl der Lehrgangsteilnehmer im Jahr; [Soldatinnen] dass viele Soldatinnen und Soldaten; [Soldaten] Soldatinnen und Soldaten jetzt ein; [Cyberspezialisten] ob es Cyberspezialisten sind die; [Lehrgangsteilnehmer] Zahl der Lehrgangsteilnehmer zu erhöhen
Thomas Silberhorn||151|[Soldatinnen] viele Tausend Soldatinnen und Soldaten; [Soldaten] Soldatinnen und Soldaten seit Wochen
Vizepräsident Wolfgang Kubicki||152|
Thomas Silberhorn||153|
Vizepräsident Wolfgang Kubicki||154|[Generalinspekteur] es der Generalinspekteur in der; [Staatssekretär] hat Herr Staatssekretär Sie haben
Thomas Silberhorn||155|[Präsident] Dank Herr Präsident – Herr; [Generalinspekteur] dem Herrn Generalinspekteur der Bundeswehr; [Generalinspekteur] Der Herr Generalinspekteur hat zunächst; [Generalinspekteur] hat der Generalinspekteur die Sorge
Vizepräsident Wolfgang Kubicki||156|
Marcus Faber|FDP|157|[Staatssekretär] Herr Staatssekretär vielen Dank; [Generalinspekteur] Auswirkungen Der Generalinspekteur der ranghöchste; [Soldat] der ranghöchste Soldat in Deutschland
Thomas Silberhorn||158|
Vizepräsident Wolfgang Kubicki||159|[Kollege] Nachfrage Herr Kollege Dr Faber
Marcus Faber|FDP|160|
Thomas Silberhorn||161|
Vizepräsident Wolfgang Kubicki||162|
Stephan Brandner|AfD|163|[Generalinspekteur] – Der Generalinspekteur gibt ja
Vizepräsident Wolfgang Kubicki||164|[Staatssekretär] Herr Staatssekretär Sie haben
Thomas Silberhorn||165|[Generalinspekteur] mit dem Generalinspekteur vorgelegt hat
Vizepräsident Wolfgang Kubicki||166|[Kollege] jetzt der Kollege Dr Eberhard
Eberhard Brecht|SPD|167|[Präsident] Herr Präsident Herr Staatssekretär; [Staatssekretär] Präsident Herr Staatssekretär die Äußerungen; [Generalinspekteur] Äußerungen vom Generalinspekteur in der
Vizepräsident Wolfgang Kubicki||168|[Staatssekretär] Herr Staatssekretär
Thomas Silberhorn||169|[Generalinspekteur] Bundesministerin dem Generalinspekteur vorgelegt worden
Vizepräsident Wolfgang Kubicki||170|[Staatssekretär] Herr Staatssekretär mir nicht; [Kollegen] nicht dem Kollegen vielleicht und; [Soldatinnen] Schutz der Soldatinnen und Soldaten; [Soldaten] Soldatinnen und Soldaten dienen können
Thomas Silberhorn||171|
Vizepräsident Wolfgang Kubicki||172|
Marcus Faber|FDP|173|[Präsident] Dank Herr Präsident – Herr; [Staatssekretär] – Herr Staatssekretär Sie haben
Thomas Silberhorn||174|
Vizepräsident Wolfgang Kubicki||175|
Marcus Faber|FDP|176|[Präsident] Dank Herr Präsident – Ich; [Kollegen] mit Ihren Kollegen im Finanzministerium
Vizepräsident Wolfgang Kubicki||177|[Staatssekretär] Herr Staatssekretär bitte
Thomas Silberhorn||178|[Soldaten] Schutz der Soldaten und Soldatinnen; [Soldatinnen] Soldaten und Soldatinnen der Bundeswehr
Vizepräsident Wolfgang Kubicki||179|[Kollegen] Nachfrage des Kollegen Rainer Kraft
Rainer Kraft|AfD|180|[Staatssekretär] – Herr Staatssekretär im unseligen
Thomas Silberhorn||181|
Vizepräsident Wolfgang Kubicki||182|[Staatssekretär] Dank Herr Staatssekretär – Eine; [Kollegin] jetzt die Kollegin Gesine Lötzsch
Gesine Lötzsch|DIE LINKE|183|[Präsident] Danke Herr Präsident dass Sie; [Staatssekretär] – Herr Staatssekretär das Stichwort
Vizepräsident Wolfgang Kubicki||184|[Staatssekretär] Herr Staatssekretär Sie haben
Thomas Silberhorn||185|[Soldatinnen] Schutz von Soldatinnen und Soldaten; [Soldaten] Soldatinnen und Soldaten Drohnen auch
Vizepräsident Wolfgang Kubicki||186|[Pflüger] Abgeordneten Tobias Pflüger sollen schriftlich; [Bundeswehrsoldaten] auf eingesetzte Bundeswehrsoldaten weiter zu; [Staatssekretär] 2021 Herr Staatssekretär Sie haben
Thomas Silberhorn||187|[Präsident] Dank Herr Präsident – Das; [Soldaten] 25 000 Soldaten und Soldatinnen; [Soldatinnen] Soldaten und Soldatinnen erhöht Damit
Vizepräsident Wolfgang Kubicki||188|[Kollege] Herr Kollege Peterka für
Tobias Matthias Peterka|AfD|189|[Präsident] Dank Herr Präsident – Eine; [Soldaten] dass die Soldaten beim konkreten
Vizepräsident Wolfgang Kubicki||190|[Staatssekretär] Herr Staatssekretär bitte
Thomas Silberhorn||191|[Soldaten] Abgeordneter die Soldaten und Soldatinnen; [Soldatinnen] Soldaten und Soldatinnen die Amtshilfe; [Bundeswehrangehörigen] wird Die Bundeswehrangehörigen leisten Amtshilfe; [Soldaten] Sie bleiben Soldaten und Soldatinnen; [Soldatinnen] Soldaten und Soldatinnen der Bundeswehr
Vizepräsident Wolfgang Kubicki||192|[Kollege] Dank Herr Kollege – Herr
Tobias Matthias Peterka|AfD|193|
Vizepräsident Wolfgang Kubicki||194|[Staatssekretär] Herr Staatssekretär Sie haben; [Kollegin] wenn die Kollegin Lemke und; [Kollege] und der Kollege Müller ihre; [Müller] der Kollege Müller ihre Kommunikation; [Staatsekretär] wichtig Herr Staatsekretär Sie haben
Thomas Silberhorn||195|[Soldatinnen] Bezirk durchaus Soldatinnen und Soldaten; [Soldaten] Soldatinnen und Soldaten in Amtshilfe
Vizepräsident Wolfgang Kubicki||196|[Kollege] hat der Kollege Dr Eberhard
Eberhard Brecht|SPD|197|[Staatssekretär] Herr Staatssekretär ich teile; [Soldatinnen] für die Soldatinnen und Soldaten; [Soldaten] Soldatinnen und Soldaten im Einsatz; [Soldatinnen] dass sich Soldatinnen und Soldaten; [Soldaten] Soldatinnen und Soldaten infizieren würde; [Soldaten] gegenüber den Soldaten wohlwollend erfolgen
Vizepräsident Wolfgang Kubicki||198|[Staatssekretär] Herr Staatssekretär Sie haben
Thomas Silberhorn||199|[Soldaten] wo sich Soldaten am ersten; [Soldaten] und diese Soldaten falls Behandlung
Vizepräsident Wolfgang Kubicki||200|[Staatssekretär] Dank Herr Staatssekretär – Weitere; [Soldatinnen] dabei eingesetzten Soldatinnen und Soldaten; [Soldaten] Soldatinnen und Soldaten haben sich; [Staatssekretär] infiziert Herr Staatssekretär Sie haben
Thomas Silberhorn||201|[Soldatinnen] wie viele Soldatinnen und Soldaten; [Soldaten] Soldatinnen und Soldaten sich im; [Soldaten] dass fünf Soldaten aus Standorten; [Soldat] hat ein Soldat Amtshilfe in; [Soldaten] geleistet zwei Soldaten in SachsenAnhalt
Vizepräsident Wolfgang Kubicki||202|[Kollegen] Nachfrage des Kollegen Dr Hoffmann
Christoph Hoffmann|FDP|203|[Staatssekretär] Dank Herr Staatssekretär für die
Vizepräsident Wolfgang Kubicki||204|[Staatssekretär] – Herr Staatssekretär Sie haben
Thomas Silberhorn||205|[Kollege] Arbeit Der Kollege Staatssekretär Hoofe; [Staatssekretär] Der Kollege Staatssekretär Hoofe aus; [Kollege] und der Kollege aus dem; [Oberbürgermeister] an alle Oberbürgermeister und Landräte; [Agenturen] Vermittlung der Agenturen für Arbeit
Vizepräsident Wolfgang Kubicki||206|[Kollege] Nachfrage Herr Kollege Dr Hoffmann
Christoph Hoffmann|FDP|207|
Thomas Silberhorn||208|[Reservedienstleister] Reservisten die Reservedienstleister werden selbstverständlich
Vizepräsident Wolfgang Kubicki||209|[Staatssekretär] Dank Herr Staatssekretär – Eine; [Kollege] Nachfrage der Kollege Dr Rainer
Rainer Kraft|AfD|210|[Bürgermeister] an die Bürgermeister Landräte etc
Thomas Silberhorn||211|[Kollege] Dank Herr Kollege – Ich; [Soldatinnen] 25 000 Soldatinnen und Soldaten; [Soldaten] Soldatinnen und Soldaten assigniert haben
Vizepräsident Wolfgang Kubicki||212|[Staatssekretär] Dank Herr Staatssekretär für die
Präsident Dr. Wolfgang Schäuble||213|[Kollegen] Redner den Kollegen Daniel Föst
Daniel Föst|FDP|214|[Präsident] geehrter Herr Präsident Werte Kolleginnen; [Kolleginnen] Präsident Werte Kolleginnen und Kollegen; [Kollegen] Kolleginnen und Kollegen Was war; [Bundeskanzlerin] als die Bundeskanzlerin mit großen; [Minister] hat Der Minister wurde nicht; [Minister] geehrter Herr Minister Seehofer wir
Vizepräsident Wolfgang Kubicki||215|[Kollege] Herr Kollege Sie müssen
Daniel Föst|FDP|216|[Kollegin] diejenigen Frau Kollegin Zeulner die
Vizepräsident Wolfgang Kubicki||217|[Kollege] Herr Kollege Sie müssen
Daniel Föst|FDP|218|[Sekunden] minus 17 Sekunden Noch einen; [Sekunden] minus 22 Sekunden Das Baukindergeld
Vizepräsident Wolfgang Kubicki||219|[Kollege] Herr Kollege
Daniel Föst|FDP|220|
Vizepräsident Wolfgang Kubicki||221|[Kollege] Wort Herr Kollege Föst Ich; [Bundesminister] der Herr Bundesminister des Innern
Horst Seehofer||222|[Präsident] Herr Präsident Meine sehr; [Kolleginnen] sehr verehrten Kolleginnen und Kollegen; [Kollegen] Kolleginnen und Kollegen Vor zweieinhalb; [Bezieher] nicht die Bezieher von großen; [Bezieher] sondern die Bezieher von kleinen; [Polizeibeamte] Beispiel für Polizeibeamte durchaus entstehen; [Polizeibeamte] entstehen Drei Polizeibeamte müssen dann; [Ministerpräsident] habe als Ministerpräsident in Bayern; [Staatssekretärin] – die Staatssekretärin die hier; [Immobilienfunktionäre] ein paar Immobilienfunktionäre die ich
Vizepräsident Wolfgang Kubicki||223|[Minister] Dank Herr Minister – Nächster; [Kollege] ist der Kollege Detlev Spangenberg
Detlev Spangenberg|AfD|224|[Präsident] Herr Präsident Sehr geehrte; [Statistik] in die Statistik gucken So; [Zeitzeugen] hier zahlreiche Zeitzeugen einer bestimmten; [Hofreiter] ist Herr Hofreiter möchte ja; [Einfamilienhäuser] gar keine Einfamilienhäuser mehr gebaut; [Unternehmerlohn] Betriebsrecht als Unternehmerlohn betrachtet das; [Notar] Steuersatz auf Notar und Umschreibungskosten
Vizepräsident Wolfgang Kubicki||225|[Kollege] Herr Kollege auch Sie
Detlev Spangenberg|AfD|226|
Vizepräsident Wolfgang Kubicki||227|[Kollege] Herr Kollege Sie haben
Detlev Spangenberg|AfD|228|
Vizepräsident Wolfgang Kubicki||229|[Kollege] ist der Kollege Sören Bartol
Sören Bartol|SPD|230|[Präsident] geehrter Herr Präsident Meine sehr; [Kolleginnen] Herren Liebe Kolleginnen und Kollegen; [Kollegen] Kolleginnen und Kollegen Ich bin; [Arbeiterpartei] die neue Arbeiterpartei ist Dabei; [Zahnarzt] Reichen Der Zahnarzt und die; [Bauminister] Ihr eigener Bauminister – Herr; [Kollege] wird Und Kollege Wegner mal; [Kolleginnen] agieren Liebe Kolleginnen und Kollegen; [Kollegen] Kolleginnen und Kollegen von den
Vizepräsident Wolfgang Kubicki||231|[Kollege] Dank Herr Kollege Bartol –; [Kollegin] ist die Kollegin Dr Gesine
Gesine Lötzsch|DIE LINKE|232|[Präsident] geehrter Herr Präsident Meine sehr; [Vermieterinnen] Willkür von Vermieterinnen und Vermietern; [Vermietern] Vermieterinnen und Vermietern „Notwehr“ gegen; [Kanzleramt] 2018 im Kanzleramt wurden die; [Wohnungseigentümer] Parteien der Wohnungseigentümer Sturm Und; [Vorredner] es der Vorredner schon erwähnte; [Kollege] haben oder Kollege Wegner von
Vizepräsident Wolfgang Kubicki||233|[Kollegin] Dank Frau Kollegin Lötzsch –; [Kollege] ist der Kollege Christian Kühn
Christian Kühn|BÜNDNIS 90/DIE GRÜNEN|234|[Präsident] geehrter Herr Präsident Werte Kolleginnen; [Kolleginnen] Präsident Werte Kolleginnen und Kollegen; [Kollegen] Kolleginnen und Kollegen Meine Damen; [Taschenspielertrick] mal diesen Taschenspielertrick mit den; [Kanzlerin] verhalten Die Kanzlerin sprach von; [Kollege] die Realität Kollege Bartol Sie; [Kollegen] haben die Kollegen der FDP
Vizepräsident Wolfgang Kubicki||235|[Kollege] Dank Herr Kollege Kühn –; [Kollege] ist der Kollege Kai Wegner
Kai Wegner|CDU/CSU|236|[Präsident] Herr Präsident Meine sehr; [Kolleginnen] Herren Liebe Kolleginnen und Kollegen; [Kollegen] Kolleginnen und Kollegen Also eins; [Minister] sagt der Minister immer wieder; [Kollege] auch der Kollege Daldrup –; [Kolleginnen] gab liebe Kolleginnen und Kollegen; [Kollegen] Kolleginnen und Kollegen – keine; [Minister] – der Minister hat es; [Bundesminister] kommt Der Bundesminister ist nicht; [Kolleginnen] festhalten Liebe Kolleginnen und Kollegen; [Kollegen] Kolleginnen und Kollegen bei der; [Hofreiter] Was Herr Hofreiter immerhin Fraktionsvorsitzender; [Fraktionsvorsitzender] Hofreiter immerhin Fraktionsvorsitzender der Grünen; [Bezirksamtsleiter] ein grüner Bezirksamtsleiter den Bau; [Kolleginnen] entsteht liebe Kolleginnen und Kollegen; [Kollegen] Kolleginnen und Kollegen Wir sagen; [Normalverdiener] Einkommen für Normalverdiener aber auch; [Kolleginnen] wollen liebe Kolleginnen und Kollegen; [Kollegen] Kolleginnen und Kollegen Diesen Weg
Vizepräsident Wolfgang Kubicki||237|[Kollege] Dank Herr Kollege Wegner –; [Kollege] sprach Herr Kollege Wegner –; [Kollege] ist der Kollege Wilhelm von
Wilhelm von Gottberg|AfD|238|[Präsident] Herr Präsident Herr Minister; [Minister] Präsident Herr Minister Meine Damen; [Kleinvermieter] heute einen Kleinvermieter in Berlin; [Kollegen] Vorstoß des Kollegen Hofreiter den; [Hofreiter] des Kollegen Hofreiter den Bau; [Kolleginnen] Teil der Kolleginnen und Kollegen; [Kollegen] Kolleginnen und Kollegen auf der; [Kleinvermieter] die vielen Kleinvermieter ihre Wohnungen; [Vermieter] Für diese Vermieter ist es; [Häuslebauer] egal ob Häuslebauer oder Investor
Vizepräsident Wolfgang Kubicki||239|[Kollege] Dank Herr Kollege – Nächster; [Kollege] ist der Kollege Dr Johannes
Johannes Fechner|SPD|240|[Präsident] Herr Präsident Liebe Kolleginnen; [Kolleginnen] Präsident Liebe Kolleginnen und Kollegen; [Kollegen] Kolleginnen und Kollegen Liebe Zuhörerinnen; [Zuhörerinnen] Kollegen Liebe Zuhörerinnen und Zuhörer; [Zuhörer] Zuhörerinnen und Zuhörer Es ist; [Mietinteressenten] also einem Mietinteressenten eine Wohnung; [Mitbewerber] es viele Mitbewerber gibt –; [Kolleginnen] Mietpreisbremse liebe Kolleginnen und Kollegen; [Kollegen] Kolleginnen und Kollegen Wir haben; [Maklergebühren] wir die Maklergebühren beim Immobilienkauf; [Maklergebühren] Hälfte der Maklergebühren zu tragen; [Steigerungen] „Mit exzessiven Steigerungen ist es; [Kollege] deshalb lieber Kollege Kühn Ich; [Kollege] scheinheilig Herr Kollege Kühn Wir; [Gewerbemietern] denn den Gewerbemietern in der; [Gewerbemieter] für die Gewerbemieter in Ordnung; [Vermietersache] ist eigentlich Vermietersache weil der; [Vermieter] weil der Vermieter Einfluss darauf; [Vermieter] sollte der Vermieter die Kosten; [Kollege] auch der Kollege Bartol läuteten; [Kolleginnen] lassen liebe Kolleginnen und Kollegen; [Kollegen] Kolleginnen und Kollegen Lassen Sie
Vizepräsidentin Petra Pau||241|[Kollegin] nun die Kollegin Sandra Weeser
Sandra Weeser|FDP|242|[Präsidentin] geehrte Frau Präsidentin Sehr geehrte; [Häuser] Wohnungen und Häuser und vor; [Anwaltskanzlei] mal eine Anwaltskanzlei und drei; [Gutachter] und drei Gutachter um anfangen; [Sprecher] dann vom Sprecher der Grünen; [Häuslebauer] nicht jeder Häuslebauer will Energieversorger
Vizepräsidentin Petra Pau||243|[Weisgerber] Dr Anja Weisgerber hat für
Anja Weisgerber|CDU/CSU|244|[Präsidentin] geehrte Frau Präsidentin Werte Kolleginnen; [Kolleginnen] Präsidentin Werte Kolleginnen und Kollegen; [Kollegen] Kolleginnen und Kollegen Die Aktuelle; [Einfamilienhäuser] Klima seien Einfamilienhäuser Junge Familien; [Minister] Anträge Der Minister hat es; [Familienangehörigen] mit den Familienangehörigen sind es; [Bezieher] wirklich die Bezieher von kleinen; [Einfamilienhäuser] wollen nicht Einfamilienhäuser verbieten um
Vizepräsidentin Petra Pau||245|[Kollege] hat der Kollege Bernhard Daldrup
Bernhard Daldrup|SPD|246|[Präsidentin] Frau Präsidentin Liebe Kolleginnen; [Kolleginnen] Präsidentin Liebe Kolleginnen und Kollegen; [Kollegen] Kolleginnen und Kollegen „Wohnungsmarkt als; [Steigerungen] die höchsten Steigerungen seit dem; [Kollegin] was die Kollegin Weisgerber angesprochen; [Weisgerber] die Kollegin Weisgerber angesprochen hat; [Einfamilienhäuser] Perspektive für Einfamilienhäuser besser als; [Bundeskanzlerin] es die Bundeskanzlerin getan hat; [Wirtschaftsminister] es der Wirtschaftsminister und selbstverständlich; [Finanzminister] und selbstverständlich Finanzminister Olaf Scholz; [Kolleginnen] kann Liebe Kolleginnen und Kollegen; [Kollegen] Kolleginnen und Kollegen wenn die; [Kolleginnen] es liebe Kolleginnen und Kollegen; [Kollegen] Kolleginnen und Kollegen der Union; [Kolleginnen] Zeichen Liebe Kolleginnen und Kollegen; [Kollegen] Kolleginnen und Kollegen von der
Vizepräsidentin Petra Pau||247|[Kollege] Kollege
Bernhard Daldrup|SPD|248|
Vizepräsidentin Petra Pau||249|[Kollege] nun der Kollege Thorsten Frei
Thorsten Frei|CDU/CSU|250|[Präsidentin] geehrte Frau Präsidentin Liebe Kolleginnen; [Kolleginnen] Präsidentin Liebe Kolleginnen und Kollegen; [Kollegen] Kolleginnen und Kollegen Wenn man; [Geisterfahrer] sind lauter Geisterfahrer die mir; [Kolleginnen] Herren liebe Kolleginnen und Kollegen; [Kollegen] Kolleginnen und Kollegen wir haben; [Oberbürgermeister] Als ehemaliger Oberbürgermeister weiß ich
Vizepräsidentin Petra Pau||251|[Kollege] nun der Kollege Ulrich Lange
Ulrich Lange|CDU/CSU|252|[Präsidentin] Frau Präsidentin Liebe Kolleginnen; [Kolleginnen] Präsidentin Liebe Kolleginnen und Kollegen; [Kollegen] Kolleginnen und Kollegen Wir stehen; [Bundesminister] wie der Bundesminister Horst Seehofer; [Hofreiter] Freund Toni Hofreiter – der; [Auslöser] einer der Auslöser dieser Debatte; [Fraktionsvorsitzender] Debatte Ihr Fraktionsvorsitzender der Partei; [Einfamilienhäuser] – ihre Einfamilienhäuser mit Garten; [Kolleginnen] bestimmen Liebe Kolleginnen und Kollegen; [Kollegen] Kolleginnen und Kollegen dazu sagen; [Kolleginnen] Euro Liebe Kolleginnen und Kollegen; [Kollegen] Kolleginnen und Kollegen da muss; [Kolleginnen] Ansage liebe Kolleginnen und Kollegen; [Kollegen] Kolleginnen und Kollegen Das ist; [Mitarbeiter] 2 000 Mitarbeiter Das ist; [Kolleginnen] funktionieren liebe Kolleginnen und Kollegen; [Kollegen] Kolleginnen und Kollegen Liebe Kolleginnen; [Kolleginnen] Kollegen Liebe Kolleginnen und Kollegen; [Kollegen] Kolleginnen und Kollegen der SPD; [Kollegen] – vom Kollegen gerade angesprochen
Vizepräsidentin Petra Pau||253|[Kollege] Herr Kollege Lange Sie
Ulrich Lange|CDU/CSU|254|
Vizepräsidentin Petra Pau||255|
Ulrich Lange|CDU/CSU|256|
Vizepräsidentin Petra Pau||257|
Präsident Dr. Wolfgang Schäuble||258|[Bundesminister] hat der Bundesminister Heiko Maas
Heiko Maas||259|[Präsidentin] geehrte Frau Präsidentin Meine sehr; [Kolleginnen] Herren Liebe Kolleginnen und Kollegen; [Kollegen] Kolleginnen und Kollegen Unsere heutige; [Bundesfinanzminister] an den Bundesfinanzminister und die; [Haushälter] und die Haushälter des Bundestages; [Ausrichter] Sudan und Ausrichter der internationalen; [Außenpolitiker] den die Außenpolitiker hier gut; [Ingenieure] Verbrechen schützen Ingenieure die Straßen; [Richter] reparieren und Richter die auch; [Kolleginnen] dabei neue Kolleginnen und Kollegen; [Kollegen] Kolleginnen und Kollegen für unsere
Vizepräsidentin Petra Pau||260|
Dietmar Friedhoff|AfD|261|[Präsidentin] geehrte Frau Präsidentin Werte Kolleginnen; [Kolleginnen] Präsidentin Werte Kolleginnen und Kollegen; [Kollegen] Kolleginnen und Kollegen Geschätzte Minister; [Minister] Kollegen Geschätzte Minister Müller und; [Müller] Geschätzte Minister Müller und Maas; [Müllers] Mad Max Müllers Strategie aus; [Durchschnittsbürger] den deutschen Durchschnittsbürger Es gilt
Vizepräsidentin Petra Pau||262|[Bundesminister] hat der Bundesminister Dr Gerd; [Müller] Dr Gerd Müller
Gerd Müller||263|[Präsidentin] Frau Präsidentin Meine Damen; [Botschafterkonferenz] von der Botschafterkonferenz in meinem; [Köhler] die Horst Köhler gehalten hat; [Bundespräsidenten] hier zum Bundespräsidenten gewählt wurde; [Außenminister] – der Außenminister hat darauf; [Kommissare] nicht fünf Kommissare da oder; [Botschafterinnen] Die afrikanischen Botschafterinnen und Botschafter; [Botschafter] Botschafterinnen und Botschafter haben sich; [AfrikaPfeiler] braucht einen AfrikaPfeiler Wer meint; [Landwirtschaft] Stärkung der Landwirtschaft Ein Bevölkerungswachstum; [Außenminister] hat der Außenminister eben schon; [Kanzlerin] dass die Kanzlerin dass Deutschland; [Präsident] – Herr Präsident ich muss
Vizepräsidentin Petra Pau||264|
Christoph Hoffmann|FDP|265|[Präsidentin] Frau Präsidentin Meine sehr; [Kollegen] und Herren Kollegen Werte Minister; [Minister] Kollegen Werte Minister Afrika ist; [Kupferlieferanten] den größten Kupferlieferanten dieser Welt; [Präsident] der 76jährige Präsident aus dem; [Vertreter] ist ein Vertreter dieser neuen; [Präsident] Kamerun Der Präsident hat die; [Präsident] Der 88jährige Präsident Biya ist; [Kanzlerin] für die Kanzlerin noch für; [Präsident] Der 69jährige Präsident ist seit
Vizepräsidentin Petra Pau||266|[Kollegin] nun die Kollegin Sevim Dağdelen
Sevim Dağdelen|DIE LINKE|267|[Präsidentin] Verehrte Frau Präsidentin Meine Damen; [Bundeswehrsoldaten] 1 500 Bundeswehrsoldaten sind in; [Sicherheitsexporteur] Selbstbild als Sicherheitsexporteur nicht erschüttert; [Soldaten] ist festzustellen Soldaten ehemaliger Kolonialmächte
Vizepräsidentin Petra Pau||268|[Kollegin] nun die Kollegin Agnieszka Brugger
Agnieszka Brugger|BÜNDNIS 90/DIE GRÜNEN|269|[Präsidentin] geehrte Frau Präsidentin Liebe Kolleginnen; [Kolleginnen] Präsidentin Liebe Kolleginnen und Kollegen; [Kollegen] Kolleginnen und Kollegen Die Gewalt; [Minister] Menschenrechte Herr Minister Müller Herr; [Müller] Herr Minister Müller Herr Minister; [Minister] Müller Herr Minister Maas Schön; [Müller] wohlfeil Herr Müller wenn Sie; [Minister] bei der Minister Müller erst; [Müller] der Minister Müller erst einfach; [Kolleginnen] Unterstützung Liebe Kolleginnen und Kollegen; [Kollegen] Kolleginnen und Kollegen so groß; [Minister] Dafür Herr Minister Maas dass; [Richtern] haben von Richtern Ingenieuren und; [Ingenieuren] von Richtern Ingenieuren und Polizisten; [Polizisten] Ingenieuren und Polizisten gesprochen Ich; [Landwirtschaftsprojekt] Ravensburg im Landwirtschaftsprojekt in Mali
Vizepräsidentin Petra Pau||270|[Kollege] hat der Kollege Christoph Matschie
Christoph Matschie|SPD|271|[Präsidentin] Frau Präsidentin Werte Kolleginnen; [Kolleginnen] Präsidentin Werte Kolleginnen und Kollegen; [Kollegen] Kolleginnen und Kollegen Warum diese; [Müller] – Herr Müller Sie haben; [Kolleginnen] sehr geehrten Kolleginnen und Kollegen; [Kollegen] Kolleginnen und Kollegen Sie sehen
Vizepräsidentin Petra Pau||272|
Harald Weyel|AfD|273|[Präsidentin] Frau Präsidentin Geehrte Kollegen; [Kollegen] Präsidentin Geehrte Kollegen Sehr geehrtes; [Bundespräsidenten] Zitat des Bundespräsidenten Lübke sinnbildlich; [Minister] meine Herren Minister – es; [Minister] noch der Minister Seehofer und; [Bundesminister] meine Herren Bundesminister Und Sie
Vizepräsidentin Petra Pau||274|[Kollege] hat der Kollege Jürgen Hardt
Jürgen Hardt|CDU/CSU|275|[Präsidentin] Frau Präsidentin Liebe Kolleginnen; [Kolleginnen] Präsidentin Liebe Kolleginnen und Kollegen; [Kollegen] Kolleginnen und Kollegen Ich bin; [Kolleginnen] Adresse einiger Kolleginnen und Kollegen; [Kollegen] Kolleginnen und Kollegen die vor; [Politikerkollegen] mit afrikanischen Politikerkollegen mit der; [Kolleginnen] wir den Kolleginnen und Kollegen; [Kollegen] Kolleginnen und Kollegen in Afrika; [Kolleginnen] mit den Kolleginnen und Kollegen; [Kollegen] Kolleginnen und Kollegen in diesen
Vizepräsidentin Petra Pau||276|[Kollege] hat der Kollege Ulrich Lechte
Ulrich Lechte|FDP|277|[Präsidentin] geehrte Frau Präsidentin Bevor ich; [Kollegin] dass die Kollegin Schreiber überhaupt; [Schreiber] die Kollegin Schreiber überhaupt keine; [Kolleginnen] Minutenanzeigen Liebe Kolleginnen und Kollegen; [Kollegen] Kolleginnen und Kollegen Zur AfrikaDebatte; [Bundeskanzlerin] sein können Bundeskanzlerin Merkel spricht; [Kanzlerschaft] Teilfinale ihrer Kanzlerschaft einen äußerst
Vizepräsidentin Petra Pau||278|[Kollege] Kollege Lechte
Ulrich Lechte|FDP|279|
Vizepräsidentin Petra Pau||280|[Kollegin] hat die Kollegin EvaMaria Schreiber; [Schreiber] Kollegin EvaMaria Schreiber für die
Eva-Maria Schreiber|DIE LINKE|281|[Präsidentin] Geehrte Frau Präsidentin Minister Müller; [Minister] Frau Präsidentin Minister Müller Minister; [Müller] Präsidentin Minister Müller Minister Maas; [Minister] Minister Müller Minister Maas Kolleginnen; [Kolleginnen] Minister Maas Kolleginnen und Kollegen; [Kollegen] Kolleginnen und Kollegen „Leinen los; [Minister] haben Sie Minister Müller beim; [Müller] Sie Minister Müller beim deutschafrikanischen
Vizepräsidentin Petra Pau||282|[Kollege] nun der Kollege Volkmar Klein
Volkmar Klein|CDU/CSU|283|[Präsidentin] Frau Präsidentin Meine sehr; [Botschafter] mit dem Botschafter von Ägypten; [Präsident] Großmannssucht anknüpfende Präsident einfach behauptet
Vizepräsidentin Petra Pau||284|[Kollege] ist der Kollege Markus Koob
Markus Koob|CDU/CSU|285|[Präsidentin] Frau Präsidentin Liebe Kolleginnen; [Kolleginnen] Präsidentin Liebe Kolleginnen und Kollegen; [Kollegen] Kolleginnen und Kollegen Letzter Redner; [Entwicklungshelfern] unten mit Entwicklungshelfern reden sagen; [Außenpolitiker] hier als Außenpolitiker auch sehr; [Außenpolitiker] sagen Als Außenpolitiker kommt man; [Bürgermeisterin] mit der Bürgermeisterin die wir; [Botschaftern] ich mit Botschaftern aus Afrika; [Unternehmern] Gespräche mit Unternehmern die vor; [Bürgermeisterin] Leidenschaft der Bürgermeisterin aus Freetown
Vizepräsidentin Dagmar Ziegler||286|
Präsident Dr. Wolfgang Schäuble||287|[Bauer] Abgeordneten Nicole Bauer Katja Suding
Doris Achelwilm|DIE LINKE|288|[Präsidentin] Frau Präsidentin Liebe Kolleginnen; [Kolleginnen] Präsidentin Liebe Kolleginnen und Kollegen; [Kollegen] Kolleginnen und Kollegen Liebe Zuhörerinnen; [Zuhörerinnen] Kollegen Liebe Zuhörerinnen Für Frauen; [Kollegen] Sie liebe Kollegen von der; [Kolleginnen] werden Liebe Kolleginnen und Kollegen; [Kollegen] Kolleginnen und Kollegen es geht
Vizepräsidentin Dagmar Ziegler||289|
Torbjörn Kartes|CDU/CSU|290|[Präsidentin] geehrte Frau Präsidentin Meine sehr; [Kolleginnen] sehr geehrten Kolleginnen und Kollegen; [Kollegen] Kolleginnen und Kollegen Meine Damen
Vizepräsidentin Dagmar Ziegler||291|
Martin Reichardt|AfD|292|[Präsidentin] geehrte Frau Präsidentin Sehr geehrte; [Friseure] Hotels Einzelhandel Friseure – alles
Vizepräsidentin Dagmar Ziegler||293|
Gabriele Hiller-Ohm|SPD|294|[Präsidentin] geehrte Frau Präsidentin Sehr geehrte; [Kolleginnen] Herren Liebe Kolleginnen und Kollegen; [Kollegen] Kolleginnen und Kollegen der Linken; [Kolleginnen] Thema liebe Kolleginnen und Kollegen; [Kollegen] Kolleginnen und Kollegen sollten wir; [Kolleginnen] werden Liebe Kolleginnen und Kollegen; [Kollegen] Kolleginnen und Kollegen die Pandemie; [Kolleginnen] Ja liebe Kolleginnen und Kollegen; [Kollegen] Kolleginnen und Kollegen der Linken; [Kolleginnen] geben Liebe Kolleginnen und Kollegen; [Kollegen] Kolleginnen und Kollegen ich fürchte; [Vorstandsquote] endlich eine Vorstandsquote durchsetzen können; [Ministerien] für alle Ministerien die Gleichstellungsziele; [Kolleginnen] Geschlechtergerechtigkeit Liebe Kolleginnen und Kollegen; [Kollegen] Kolleginnen und Kollegen der Linken
Vizepräsidentin Dagmar Ziegler||295|[Bauer] an Nicole Bauer von der
Nicole Bauer|FDP|296|[Präsidentin] geehrte Frau Präsidentin Liebe Kolleginnen; [Kolleginnen] Präsidentin Liebe Kolleginnen und Kollegen; [Kollegen] Kolleginnen und Kollegen Manchmal braucht; [Gaststättengewerbe] Hotel und Gaststättengewerbe Hier müssen
Vizepräsidentin Dagmar Ziegler||297|
Ulle Schauws|BÜNDNIS 90/DIE GRÜNEN|298|[Präsidentin] Frau Präsidentin Meine Damen
Vizepräsidentin Dagmar Ziegler||299|
Silvia Breher|CDU/CSU|300|[Präsidentin] Frau Präsidentin Liebe Kolleginnen; [Kolleginnen] Präsidentin Liebe Kolleginnen und Kollegen; [Kollegen] Kolleginnen und Kollegen Lockdown Die; [Lehrer] wir die Lehrer und die; [Erzieher] und die Erzieher früher zu; [Steigerung] deutlich höhere Steigerung als die; [Kollegin] anerkennen Frau Kollegin Achelwilm Sie; [Kollegin] gefunden Frau Kollegin Achelwilm Frau; [Kollegin] Achelwilm Frau Kollegin HillerOhm nicht
Vizepräsidentin Dagmar Ziegler||301|
Präsident Dr. Wolfgang Schäuble||302|
Präsident Dr. Wolfgang Schäuble||303|[Staatssekretär] dem Parlamentarischen Staatssekretär Stephan Mayer
Stephan Mayer||304|[Präsidentin] verehrte Frau Präsidentin Sehr verehrte; [Kolleginnen] Sehr verehrte Kolleginnen Sehr geehrte; [Kollegen] Sehr geehrte Kollegen Ich bin; [Kolleginnen] sehr verehrten Kolleginnen und Kollegen; [Kollegen] Kolleginnen und Kollegen ein sehr; [Kolleginnen] sehr verehrten Kolleginnen und Kollegen; [Kollegen] Kolleginnen und Kollegen dann dürfte; [Kolleginnen] sehr verehrten Kolleginnen und Kollegen; [Kollegen] Kolleginnen und Kollegen ich bin
Vizepräsidentin Dagmar Ziegler||305|
Präsident Dr. Wolfgang Schäuble||306|
Christian Wirth|AfD|307|[Präsidentin] Frau Präsidentin das war; [Kollegen] Dank Werte Kollegen Wenn die; [Tarifpartner] Widerstand der Tarifpartner Bei der; [JournalistenVerband] den Deutschen JournalistenVerband mit einer; [Mitarbeitern] von freien Mitarbeitern im Rundfunk
Vizepräsidentin Dagmar Ziegler||308|
Thomas Hitschler|SPD|309|[Präsidentin] Hochgeschätzte Frau Präsidentin Liebe Kolleginnen; [Kolleginnen] Präsidentin Liebe Kolleginnen und Kollegen; [Kollegen] Kolleginnen und Kollegen Einer der; [Unternehmerinnen] klar Klugen Unternehmerinnen und Unternehmern; [Unternehmern] Unternehmerinnen und Unternehmern ist das; [Kolleginnen] das bewusst Kolleginnen und Kollegen; [Kollegen] Kolleginnen und Kollegen so muss; [Mitarbeiterschaft] aus der Mitarbeiterschaft konnten dringend; [Kolleginnen] mir deshalb Kolleginnen und Kollegen; [Kollegen] Kolleginnen und Kollegen an dieser; [Kolleginnen] diese Akteure Kolleginnen und Kollegen; [Kollegen] Kolleginnen und Kollegen müssen wir; [Staatssekretär] es vom Staatssekretär gehört –; [Kolleginnen] ressortübergreifende Mitbestimmung Kolleginnen und Kollegen; [Kollegen] Kolleginnen und Kollegen wir werden; [Mitarbeiterinnen] beschäftigte freie Mitarbeiterinnen und Mitarbeiter; [Mitarbeiter] Mitarbeiterinnen und Mitarbeiter einiger öffentlichrechtlicher; [Kolleginnen] Gemeinsam liebe Kolleginnen und Kollegen; [Kollegen] Kolleginnen und Kollegen werden wir; [Kolleginnen] Rechte der Kolleginnen und Kollegen; [Kollegen] Kolleginnen und Kollegen im öffentlichen
Vizepräsidentin Dagmar Ziegler||310|
Konstantin Kuhle|FDP|311|[Präsidentin] Frau Präsidentin Meine Damen; [Mitarbeiterinnen] erfüllt die Mitarbeiterinnen und Mitarbeiter; [Mitarbeiter] Mitarbeiterinnen und Mitarbeiter im öffentlichen; [Ministerium] das langsamste Ministerium bei der
Vizepräsidentin Dagmar Ziegler||312|
Pascal Meiser|DIE LINKE|313|[Präsidentin] Frau Präsidentin Meine Damen; [Mitarbeiterinnen] nur die Mitarbeiterinnen und Mitarbeiter; [Mitarbeiter] Mitarbeiterinnen und Mitarbeiter der Bundesagentur; [Mitarbeiterinnen] für die Mitarbeiterinnen und Mitarbeiter; [Mitarbeiter] Mitarbeiterinnen und Mitarbeiter des öffentlichen; [Ministerien] in den Ministerien den Ministern; [Ministern] Ministerien den Ministern und Ministerinnen; [Ministerinnen] Ministern und Ministerinnen – pauschal
Vizepräsidentin Dagmar Ziegler||314|
Margit Stumpp|BÜNDNIS 90/DIE GRÜNEN|315|[Präsidentin] geehrte Frau Präsidentin Sehr geehrte; [Sprecherin] als medienpolitische Sprecherin zu dieser; [Journalistinnen] einzugehen Arbeitnehmerähnliche Journalistinnen und Journalisten; [Journalisten] Journalistinnen und Journalisten sogenannte feste; [Journalistinnen] wird den Journalistinnen und Journalisten; [Journalisten] Journalistinnen und Journalisten im öffentlichen; [Journalistinnen] alle arbeitnehmerähnlichen Journalistinnen und Journalisten; [Journalisten] Journalistinnen und Journalisten weiterhin von; [Journalistinnen] Organisationen der Journalistinnen und Journalisten; [Journalisten] Journalistinnen und Journalisten kritisieren dass
Vizepräsidentin Dagmar Ziegler||316|
Petra Nicolaisen|CDU/CSU|317|[Präsidentin] geehrte Frau Präsidentin Liebe Kolleginnen; [Kolleginnen] Präsidentin Liebe Kolleginnen und Kollegen; [Kollegen] Kolleginnen und Kollegen Mit dem; [Steigerung] sowie einer Steigerung der Attraktivität; [Kolleginnen] Dienstes Liebe Kolleginnen und Kollegen; [Kollegen] Kolleginnen und Kollegen Personalvertretungen leisten
Vizepräsidentin Dagmar Ziegler||318|
Bernd Rützel|SPD|319|[Präsidentin] geehrte Frau Präsidentin Liebe Kolleginnen; [Kolleginnen] Präsidentin Liebe Kolleginnen Liebe Kollegen; [Kollegen] Kolleginnen Liebe Kollegen Behörden Ämter; [Krankenhäuser] Arbeitsagenturen Jobcenter Krankenhäuser Pflegeeinrichtungen Kitas; [Kolleginnen] wird liebe Kolleginnen und Kollegen; [Kollegen] Kolleginnen und Kollegen Auch die; [Vorredner] Vorrednerinnen und Vorredner auch noch
Vizepräsidentin Dagmar Ziegler||320|
Präsident Dr. Wolfgang Schäuble||321|
Ulle Schauws|BÜNDNIS 90/DIE GRÜNEN|322|[Präsidentin] Frau Präsidentin Meine Damen; [Bundeskanzlerin] Transfeindlichkeit Frau Bundeskanzlerin Herr Bundesinnenminister; [Bundesinnenminister] Bundeskanzlerin Herr Bundesinnenminister Mitglieder der; [Lebenspartner] für den Lebenspartner des Ermordeten; [Minister] Sicherheit zuständige Minister hat bis; [Innenminister] Innenministerinnen und Innenminister hat noch; [Kolleginnen] – Liebe Kolleginnen und Kollegen; [Kollegen] Kolleginnen und Kollegen lassen Sie; [Kolleginnen] Situation Liebe Kolleginnen und Kollegen; [Kollegen] Kolleginnen und Kollegen der demokratischen; [Statistik] Laut aktueller Statistik ist 2019; [Kolleginnen] StGB Liebe Kolleginnen und Kollegen; [Kollegen] Kolleginnen und Kollegen es ist
Vizepräsidentin Dagmar Ziegler||323|
Jan-Marco Luczak|CDU/CSU|324|[Präsidentin] Frau Präsidentin Meine sehr; [Kolleginnen] sehr verehrten Kolleginnen und Kollegen; [Kollegen] Kolleginnen und Kollegen Jeden Tag; [Statistiken] in irgendwelchen Statistiken auftauchen sind
Vizepräsidentin Dagmar Ziegler||325|
Jan-Marco Luczak|CDU/CSU|326|
Ulle Schauws|BÜNDNIS 90/DIE GRÜNEN|327|[Kollege] Dank Herr Kollege Luczak dass
Jan-Marco Luczak|CDU/CSU|328|[Kollegin] Frau Kollegin ich bin
Vizepräsidentin Dagmar Ziegler||329|
Bernd Baumann|AfD|330|[Präsidentin] Frau Präsidentin Meine Damen; [Minister] sind längst Minister Vorstands oder; [Vorstands] längst Minister Vorstands oder Parteivorsitzende; [Leiter] Ali Erbas Leiter der türkischen; [Autoritäten] weltweit höchsten Autoritäten der Muslime; [Präsident] überhaupt der Präsident der AlAzharUniversität; [Autoritäten] Sätzen islamischer Autoritäten hören die; [Funktionäre] ihrer obersten Funktionäre wie BedfordStrohm; [Kanzleramt] tief ins Kanzleramt hinein Das
Vizepräsidentin Dagmar Ziegler||331|
Karl-Heinz Brunner|SPD|332|[Präsidentin] verehrte Frau Präsidentin Meine Kolleginnen; [Kolleginnen] Präsidentin Meine Kolleginnen und Kollegen; [Kollegen] Kolleginnen und Kollegen Die Worte; [Kolleginnen] Herren liebe Kolleginnen und Kollegen; [Kollegen] Kolleginnen und Kollegen wir hatten; [Kolleginnen] Sie liebe Kolleginnen und Kollegen; [Kollegen] Kolleginnen und Kollegen auch darüber; [Kolleginnen] Deshalb verehrte Kolleginnen und Kollegen; [Kollegen] Kolleginnen und Kollegen haben wir; [Koalitionspartner] mit unserem Koalitionspartner aber leider; [Kolleginnen] sagen liebe Kolleginnen und Kollegen; [Kollegen] Kolleginnen und Kollegen vom Bündnis; [Erzieherinnen] wir unsere Erzieherinnen und Erzieher; [Erzieher] Erzieherinnen und Erzieher in den; [Lehrerinnen] Erziehungseinrichtungen die Lehrerinnen und Lehrer; [Lehrer] Lehrerinnen und Lehrer in den; [Polizistinnen] für die Polizistinnen und Polizisten; [Polizisten] Polizistinnen und Polizisten gilt für; [Richterinnen] für die Richterinnen und Richter; [Richter] Richterinnen und Richter dieses Landes; [Staatsanwälte] Staatsanwältinnen und Staatsanwälte für die
Vizepräsidentin Dagmar Ziegler||333|
Jens Brandenburg|FDP|334|[Präsidentin] Frau Präsidentin Liebe Kolleginnen; [Kolleginnen] Präsidentin Liebe Kolleginnen und Kollegen; [Kollegen] Kolleginnen und Kollegen Am 4; [Lebenspartner] Verletzungen sein Lebenspartner überlebte schwer; [Oberstaatsanwalt] der Dresdener Oberstaatsanwalt geweigert sich; [Geschichtslehrers] des französischen Geschichtslehrers Samuel Paty; [Präsident] der französische Präsident Emmanuel Macron; [Bundeskanzlerin] Jahres die Bundeskanzlerin Angela Merkel; [Innenminister] Auch der Innenminister schweigt Und; [Kollege] abgesichert ist Kollege Luczak ich; [Mitstreitern] und allen Mitstreitern in der
Vizepräsidentin Dagmar Ziegler||335|
Doris Achelwilm|DIE LINKE|336|[Präsidentin] geehrte Frau Präsidentin Liebe Kolleginnen; [Kolleginnen] Präsidentin Liebe Kolleginnen und Kollegen; [Kollegen] Kolleginnen und Kollegen Gewalt gegen; [Statistik] wurden laut Statistik des Innenministeriums; [Statistisch] ganze Ausmaß Statistisch sehen wir; [Statistiken] auf aussagekräftige Statistiken Es braucht; [Kolleginnen] geändert Liebe Kolleginnen und Kollegen; [Kollegen] Kolleginnen und Kollegen zunehmende Gewalt
Vizepräsidentin Dagmar Ziegler||337|
Volker Ullrich|CDU/CSU|338|[Präsidentin] Frau Präsidentin Meine sehr; [Kollege] eingehen Herr Kollege Baumann die
Vizepräsidentin Dagmar Ziegler||339|
Präsident Dr. Wolfgang Schäuble||340|
